activation,val_loss,val_acc,val_epochs,train_loss_hist,val_loss_hist,train_acc_hist,val_acc_hist
relu,0.794648802524933,0.6384783506393432,2,"[0.6802829359308143, 0.6530684327705156, 0.6375810866214144, 0.6281547868773526, 0.6212640779260561]","[0.6551695537093459, 0.625472168654006, 0.6114363196669825, 0.6056779342771366, 0.6039029174293113]","[0.57473165, 0.63996696, 0.6366639, 0.63583815, 0.6440958]","[0.6754967, 0.6754967, 0.68543047, 0.6754967, 0.6754967]"
softplus,0.8024293379595623,0.6179813385009766,1,"[0.6883237631137857, 0.6891428355241392, 0.6740405672744323, 0.6696813034184407, 0.6693056440373081]","[0.6255033260939137, 0.6121826969235149, 0.6106544875151274, 0.6104912260510275, 0.6128843166180794]","[0.5631709, 0.59454995, 0.580512, 0.6019818, 0.5953757]","[0.615894, 0.65562916, 0.6490066, 0.6423841, 0.63245034]"
selu,0.8036805330975388,0.6159967660903931,1,"[0.6624800185346091, 0.6482735846182416, 0.644156080892911, 0.6391571486517972, 0.6362847547015309]","[0.613123385322015, 0.6122547652547723, 0.6160920728121372, 0.6134270457242499, 0.6155856006982311]","[0.59207267, 0.59867877, 0.6135425, 0.6135425, 0.611891]","[0.6456954, 0.6523179, 0.6490066, 0.66225165, 0.66225165]"
tanh,0.8042158106103854,0.6100408792495727,1,"[0.6643886292502469, 0.6522306608425301, 0.6502810685128638, 0.6453414029764006, 0.6427023602260429]","[0.6158740331005577, 0.6125395479581214, 0.6166800852642943, 0.6146568928333308, 0.6155192082291407]","[0.6044591, 0.6019818, 0.60115606, 0.60528487, 0.6168456]","[0.6423841, 0.63907284, 0.63245034, 0.63907284, 0.6357616]"
,0.8050080097761697,0.6113653779029846,1,"[0.6653364096467501, 0.6530428231992965, 0.6505973056561685, 0.6464968865612732, 0.642597623298623]","[0.6166175284133052, 0.613664441945537, 0.6185396238668075, 0.615921175637782, 0.6172740992331347]","[0.5928984, 0.6028076, 0.6085879, 0.6094137, 0.6176714]","[0.63245034, 0.6423841, 0.62913907, 0.6258278, 0.6258278]"
