activation,val_loss,val_acc,train_loss_hist,val_loss_hist,train_acc_hist,val_acc_hist
relu,0.5943417629419075,0.6662404656410217,"[0.666189512568599, 0.5937151668684035, 0.5414276700389966, 0.4911874465269062]","[0.6280236852090091, 0.5930080982233514, 0.5817643984264096, 0.5783777079045378]","[0.5928984, 0.6952931, 0.7539224, 0.80264246]","[0.66887414, 0.6721854, 0.69205296, 0.6655629]"
tanh,0.6048011460580547,0.6642449736595154,"[0.6508091761492975, 0.5684406868098296, 0.5192162324139936, 0.48072709931902013]","[0.5993729067954007, 0.584718897247946, 0.5951207659102433, 0.6055531118879255]","[0.6135425, 0.6985962, 0.7555739, 0.7919075]","[0.6721854, 0.6754967, 0.66225165, 0.6655629]"
,0.6051953901937744,0.6629204630851746,"[0.6511874229921771, 0.5685340756232043, 0.5190833523241968, 0.4797413511575499]","[0.5994817231664594, 0.5847935601575485, 0.5947987318828406, 0.6056580800094352]","[0.60611063, 0.69694465, 0.7522709, 0.7877787]","[0.6754967, 0.6821192, 0.66225165, 0.66225165]"
softplus,0.6078064714275787,0.6576377630233765,"[0.6807761086992348, 0.6197187445264134, 0.5950614424602342, 0.5705749665184714]","[0.633252739906311, 0.6106787943682134, 0.5966334042959656, 0.5900870936595841]","[0.55986786, 0.64492154, 0.6672172, 0.6952931]","[0.60264903, 0.6655629, 0.68543047, 0.65562916]"
selu,0.6115813689641144,0.6615981459617615,"[0.6459160273376326, 0.551319286854773, 0.4968307883064182, 0.45366736156304543]","[0.5925352960232867, 0.5849109895971437, 0.601546208195339, 0.6162649100979433]","[0.61601985, 0.7060281, 0.77704376, 0.8059455]","[0.6821192, 0.678808, 0.66887414, 0.66225165]"
