epoch_1,epoch_2,val_loss,val_acc,train_loss_hist,val_loss_hist,train_acc_hist,val_acc_hist
7,6,0.5782501142243037,0.6944527745246887,"[0.666542544625867, 0.6200432528084007, 0.5979657769203186, 0.5818506478369683, 0.5716787615101198, 0.562051146016128]","[0.6402096553542267, 0.6094559125457032, 0.5951119475457621, 0.5875239113996411, 0.58075602033149, 0.5779247618150497]","[0.6169415, 0.66829085, 0.6814093, 0.696027, 0.70089954, 0.7057721]","[0.6281859, 0.65067464, 0.66416794, 0.68215895, 0.68665665, 0.6911544]"
7,5,0.5815401697980945,0.6926536679267883,"[0.666542544625867, 0.6200432528084007, 0.5979657769203186, 0.5818506478369683, 0.5716787615101198]","[0.6402096553542267, 0.6094559125457032, 0.5951119475457621, 0.5875239113996411, 0.58075602033149]","[0.6169415, 0.66829085, 0.6814093, 0.696027, 0.70089954]","[0.6281859, 0.65067464, 0.66416794, 0.68215895, 0.68665665]"
6,6,0.5840937281655766,0.6911544322967529,"[0.6676427771126491, 0.623839723116633, 0.6039534885844012, 0.5897747627620039, 0.5801057404485243, 0.5711124592992677]","[0.6403190713414902, 0.6092163359207371, 0.5956388344650326, 0.5880730504217534, 0.5815127382035377, 0.5775933156664046]","[0.6184408, 0.66266865, 0.68065965, 0.68215895, 0.69490254, 0.6990255]","[0.6281859, 0.64617693, 0.66416794, 0.6656672, 0.6896552, 0.69415295]"
6,5,0.5876696492421036,0.6893553256988525,"[0.6676427771126491, 0.623839723116633, 0.6039534885844012, 0.5897747627620039, 0.5801057404485243]","[0.6403190713414902, 0.6092163359207371, 0.5956388344650326, 0.5880730504217534, 0.5815127382035377]","[0.6184408, 0.66266865, 0.68065965, 0.68215895, 0.69490254]","[0.6281859, 0.64617693, 0.66416794, 0.6656672, 0.6896552]"
5,6,0.5970967696524452,0.6752623677253723,"[0.6688626255767456, 0.6282526906104996, 0.6121581734745934, 0.6000785373676306, 0.5922421758500175, 0.5836342367632635]","[0.6437363022270947, 0.6157687393979154, 0.6053287526299392, 0.6004623892246516, 0.5951692380647788, 0.5916222138204674]","[0.61581707, 0.6536732, 0.66791606, 0.68065965, 0.6836582, 0.6930285]","[0.6311844, 0.63568217, 0.6491754, 0.65217394, 0.6551724, 0.6656672]"
5,5,0.6001276055018584,0.6719640135765076,"[0.6688626255767456, 0.6282526906104996, 0.6121581734745934, 0.6000785373676306, 0.5922421758500175]","[0.6437363022270947, 0.6157687393979154, 0.6053287526299392, 0.6004623892246516, 0.5951692380647788]","[0.61581707, 0.6536732, 0.66791606, 0.68065965, 0.6836582]","[0.6311844, 0.63568217, 0.6491754, 0.65217394, 0.6551724]"
