activation,val_loss,val_acc,val_epochs,train_loss_hist,val_loss_hist,train_acc_hist,val_acc_hist
relu,0.7553771673798161,0.704347825050354,5,"[0.6645117125947257, 0.6137002870060694, 0.5876015123577489, 0.5692847298717928, 0.5580567891808643]","[0.637884573511098, 0.604546748090541, 0.5868764147944358, 0.5782340172527434, 0.5715237161566292]","[0.6285607, 0.67691153, 0.6930285, 0.70727134, 0.70877063]","[0.6551724, 0.66266865, 0.68215895, 0.70014995, 0.71214396]"
selu,0.790016672278024,0.6458770751953125,1,"[0.6476675663394728, 0.6267622187398542, 0.6217495685574533, 0.6186017121510885, 0.6138192674388057]","[0.6287668382209995, 0.6183473130037402, 0.6158792214772512, 0.6167859812190329, 0.6151523643705262]","[0.6150675, 0.64392805, 0.65217394, 0.6615442, 0.6615442]","[0.62068963, 0.6221889, 0.64167917, 0.63268363, 0.64167917]"
softplus,0.7906103043342755,0.638980507850647,1,"[0.6646523339816298, 0.6420770440323242, 0.6512129379176664, 0.6372534705959875, 0.6420525724383844]","[0.6209516029307868, 0.6299523813077534, 0.6238113920549224, 0.6228390262759608, 0.6220441822526694]","[0.5892054, 0.62668663, 0.6109445, 0.62968516, 0.62968516]","[0.6431784, 0.62668663, 0.6371814, 0.63868064, 0.64017993]"
tanh,0.7976883566565861,0.6269865155220031,1,"[0.654899469469262, 0.6384564138602639, 0.6357287290929139, 0.633668490614312, 0.630631988641919]","[0.6386163537648843, 0.629594859601497, 0.6283798581477942, 0.6309560923383333, 0.6305683450899024]","[0.6090705, 0.6248126, 0.6248126, 0.6289355, 0.6330585]","[0.6041979, 0.6071964, 0.61169416, 0.61169416, 0.61169416]"
,0.7978028852908482,0.6251874208450318,1,"[0.6520172349516599, 0.6377849425154289, 0.6358008674238397, 0.6343895644619726, 0.6305443296904328]","[0.6385477839381263, 0.6296193944639352, 0.6288549195880118, 0.631185792196637, 0.6311319727768963]","[0.60382307, 0.6225637, 0.6281859, 0.6304348, 0.6334333]","[0.5982009, 0.61169416, 0.6086956, 0.6161919, 0.6086956]"
