n_factors,n_hidden_2,val_loss,val_acc,train_loss_hist,val_loss_hist,train_acc_hist,val_acc_hist
1000,[200],0.5098570404560312,0.7316341757774353,"[0.6218403486655034, 0.5262336130442469, 0.4629563697274478, 0.4144774933179458]","[0.574642991108158, 0.5394106252618815, 0.5232052304844806, 0.5256280459385404]","[0.65029985, 0.73688155, 0.7841079, 0.8152174]","[0.68815595, 0.7076462, 0.7076462, 0.7031484]"
1000,[500],0.5122827616946093,0.7298350811004639,"[0.6038676459213783, 0.48446702152892746, 0.4124000731972919, 0.35708825792865956]","[0.5579619652506472, 0.5264286188439451, 0.5226036715900702, 0.5338228505322601]","[0.66229385, 0.7642429, 0.8167167, 0.84745127]","[0.6896552, 0.71064466, 0.7091454, 0.71214396]"
1000,[100],0.5146324013930925,0.7268365859985352,"[0.6372405948310063, 0.5540730844194564, 0.49743319406680975, 0.45558064563878475]","[0.5902588390696353, 0.5548348635926597, 0.5339288356332764, 0.5268260601578445]","[0.64767617, 0.72488755, 0.75524735, 0.78710645]","[0.6551724, 0.69865066, 0.71214396, 0.70614696]"
200,[500],0.5265048668927875,0.726236891746521,"[0.620500065218741, 0.5490421091598728, 0.5114960007403029, 0.4865689784779899]","[0.5759823184678222, 0.551262981396565, 0.5396601598391468, 0.5443020383010562]","[0.64430285, 0.71851575, 0.7436282, 0.755997]","[0.67016494, 0.6971514, 0.69865066, 0.70614696]"
200,[200],0.5342932124098558,0.7205397248268127,"[0.6375066141138549, 0.5780768434683243, 0.5399503418351935, 0.5137810957306685]","[0.5938232333763785, 0.5667982614826763, 0.550874724202249, 0.5446539934517919]","[0.6394303, 0.69003, 0.7241379, 0.73913044]","[0.6611694, 0.69265366, 0.70464766, 0.7031484]"
200,[100],0.5474963660272343,0.7136431813240052,"[0.6560692989129177, 0.5981251325743131, 0.5664198290461722, 0.5419583056105309]","[0.6136446207359634, 0.5807924754079851, 0.5624427051915937, 0.5511992771675561]","[0.61581707, 0.6754123, 0.69865066, 0.72451276]","[0.65817094, 0.6791604, 0.6896552, 0.69865066]"
